<?xml version="1.0" encoding="UTF-8"?>
<jcr:root xmlns:jcr="http://www.jcp.org/jcr/1.0" xmlns:nt="http://www.jcp.org/jcr/nt/1.0"
    jcr:primaryType="nt:unstructured">
    <One jcr:primaryType="nt:unstructured">
        <One.html/>
        <jscript.js/>
    </One>
    <Two jcr:primaryType="nt:unstructured">
        <Two.html/>
    </Two>
    <Third jcr:primaryType="nt:unstructured">
        <Third.html/>
    </Third>
    <Four jcr:primaryType="nt:unstructured">
        <Four.html/>
    </Four>
</jcr:root>
