<?xml version="1.0" encoding="UTF-8"?>
<jcr:root xmlns:jcr="http://www.jcp.org/jcr/1.0">
    <jcr:content/>
    <Backpack_C.jpg/>
    <Backpack_H.jpg/>
    <Frame_x0020_13.jpg/>
    <Frame_x0020_14.jpg/>
    <Backpack_J.jpg/>
    <Backpack_B.jpg/>
    <Frame_x0020_1.jpg/>
    <Frame_x0020_2.jpg/>
    <Frame_x0020_3.jpg/>
    <Frame_x0020_4.jpg/>
    <Frame_x0020_5.jpg/>
    <Frame_x0020_6.jpg/>
    <Frame_x0020_7.jpg/>
    <Frame_x0020_8.jpg/>
    <Frame_x0020_9.jpg/>
    <Frame_x0020_10.jpg/>
    <Frame_x0020_11.jpg/>
    <Frame_x0020_12.jpg/>
    <Frame_x0020_15.jpg/>
    <Frame_x0020_16.jpg/>
    <Frame_x0020_1/>
    <Frame_x0020_2.png/>
</jcr:root>
