<?xml version="1.0" encoding="UTF-8"?>
<jcr:root xmlns:sling="http://sling.apache.org/jcr/sling/1.0" xmlns:jcr="http://www.jcp.org/jcr/1.0" xmlns:rep="internal"
    jcr:mixinTypes="[rep:AccessControllable]"
    jcr:primaryType="sling:OrderedFolder"
    sling:resourceType="sling:redirect"
    sling:target="/starter/index.html">
    <rep:policy/>
    <slingshot/>
    <starter/>
    <Node1/>
    <test/>
    <SlingProject/>
    <sightlyTest/>
    <my-options/>
    <sightlyTest3/>
    <Orders/>
</jcr:root>
