<?xml version="1.0" encoding="UTF-8"?>
<jcr:root xmlns:sling="http://sling.apache.org/jcr/sling/1.0" xmlns:cq="http://www.day.com/jcr/cq/1.0" xmlns:jcr="http://www.jcp.org/jcr/1.0" xmlns:nt="http://www.jcp.org/jcr/nt/1.0"
    jcr:primaryType="cq:Page">
    <jcr:content
        cq:lastModified="{Date}2019-04-12T21:34:31.109+05:30"
        cq:lastModifiedBy="admin"
        cq:template="/apps/evno/templates/homepage"
        jcr:primaryType="cq:PageContent"
        jcr:title="evnoPage"
        sling:resourceType="evno/components/structure/homepage">
        <logo
            jcr:primaryType="nt:unstructured"
            sling:resourceType="ttn_blogs/components/structure/logo"/>
        <title
            jcr:primaryType="nt:unstructured"
            sling:resourceType="ttn_blogs/components/content/title"/>
        <topnav
            jcr:primaryType="nt:unstructured"
            sling:resourceType="ttn_blogs/components/structure/topnav"/>
        <par
            jcr:primaryType="nt:unstructured"
            sling:resourceType="wcm/foundation/components/parsys">
            <text
                jcr:primaryType="nt:unstructured"
                sling:resourceType="ttn_blogs/components/content/text"
                text="&lt;p>This is a content page&lt;/p>"
                textIsRich="true"/>
        </par>
        <header-parsys
            jcr:primaryType="nt:unstructured"
            sling:resourceType="wcm/foundation/components/iparsys">
            <evnoheader
                jcr:created="{Date}2019-04-12T21:18:32.887+05:30"
                jcr:createdBy="admin"
                jcr:lastModified="{Date}2019-04-12T21:34:31.107+05:30"
                jcr:lastModifiedBy="admin"
                jcr:primaryType="nt:unstructured"
                sling:resourceType="evno/components/content/evnoHeader"
                action="/content/customRedirectPage"
                fileReference="/content/dam/evno/logo_evno.png"
                title="Call Us: 97296-66060">
                <field jcr:primaryType="nt:unstructured">
                    <item0
                        jcr:primaryType="nt:unstructured"
                        menuLink="/content/customRedirectPage"
                        menuText="about us"/>
                    <item1
                        jcr:primaryType="nt:unstructured"
                        menuLink="/content/customRedirectPage"
                        menuText="Customers"/>
                </field>
            </evnoheader>
        </header-parsys>
        <body-parsys
            jcr:primaryType="nt:unstructured"
            sling:resourceType="wcm/foundation/components/parsys">
            <productreview
                jcr:created="{Date}2019-04-12T21:21:00.646+05:30"
                jcr:createdBy="admin"
                jcr:lastModified="{Date}2019-04-12T21:26:48.807+05:30"
                jcr:lastModifiedBy="admin"
                jcr:primaryType="nt:unstructured"
                sling:resourceType="evno/components/content/productReview"
                sectionTitle="Our Products">
                <field jcr:primaryType="nt:unstructured">
                    <item0
                        jcr:primaryType="nt:unstructured"
                        productImage="/content/dam/evno/vegpanda.png"
                        productLogo="/content/dam/evno/logo2.png"
                        reviewerImage="/content/dam/evno/usr1.png"
                        reviewerName="Raman Arora"
                        testimonialDescription="It was a challenge for me to start an online business in Rohtak. I was not sure whom should I trust to start my project with. But with the help of &quot;Evno Team&quot; I got technological as well as marketing support. Really Thanks!"
                        testimonialHeading="The Team was Great to work with"/>
                    <item1
                        jcr:primaryType="nt:unstructured"
                        productImage="/content/dam/evno/btzone.png"
                        productLogo="/content/dam/evno/btzone-black1.png"
                        reviewerImage="/content/dam/evno/usr3.png"
                        reviewerName="Kulbhusan Jain"
                        testimonialDescription="I really appreciate your support that was all the time with me whether it was day or night. Also the team put its best efforts every time to produce great results and they really did it. Thanks To the whole team."
                        testimonialHeading="Excellent Customer Support"/>
                    <item2
                        jcr:primaryType="nt:unstructured"
                        productImage="/content/dam/evno/c2c.png"
                        productLogo="/content/dam/evno/logo11.png"
                        reviewerImage="/content/dam/evno/usr2.jpg"
                        reviewerName="Sourabh Pahwa"
                        testimonialDescription="I have a lot of good things to say about you but the most I liked is to help us make right business plans and strategy. I guess this is the great and unique thing that differentiates you from others."
                        testimonialHeading="Great Experience working with Evno"/>
                </field>
            </productreview>
            <evnoform
                jcr:created="{Date}2019-04-12T21:26:57.051+05:30"
                jcr:createdBy="admin"
                jcr:lastModified="{Date}2019-04-12T21:31:33.093+05:30"
                jcr:lastModifiedBy="admin"
                jcr:primaryType="nt:unstructured"
                sling:resourceType="evno/components/content/evnoForm"
                action="/content/customRedirectPage"
                actionTitle="Create Your Store"
                color="#00B454"
                placeholderOne="Name"
                placeholderThree="Message"
                placeholderTwo="Mobile No. "
                title="CONTACT US"/>
        </body-parsys>
    </jcr:content>
</jcr:root>
