<?xml version="1.0" encoding="UTF-8"?>
<jcr:root xmlns:sling="http://sling.apache.org/jcr/sling/1.0" xmlns:cq="http://www.day.com/jcr/cq/1.0" xmlns:jcr="http://www.jcp.org/jcr/1.0" xmlns:nt="http://www.jcp.org/jcr/nt/1.0"
    jcr:primaryType="nt:unstructured"
    sling:resourceType="cq/gui/components/authoring/dialog">
    <content
        jcr:primaryType="nt:unstructured"
        sling:resourceType="granite/ui/components/coral/foundation/container">
        <items jcr:primaryType="nt:unstructured">
            <mytabs
                jcr:primaryType="nt:unstructured"
                sling:resourceType="granite/ui/components/coral/foundation/tabs">
                <items jcr:primaryType="nt:unstructured">
                    <tab1
                        jcr:primaryType="nt:unstructured"
                        jcr:title="tab 1"
                        sling:resourceType="granite/ui/components/coral/foundation/container">
                        <items jcr:primaryType="nt:unstructured">
                            <columns
                                jcr:primaryType="nt:unstructured"
                                sling:resourceType="granite/ui/components/coral/foundation/fixedcolumns">
                                <items jcr:primaryType="nt:unstructured">
                                    <column
                                        jcr:primaryType="nt:unstructured"
                                        sling:resourceType="granite/ui/components/coral/foundation/container">
                                        <items jcr:primaryType="nt:unstructured">
                                            <content
                                                jcr:primaryType="nt:unstructured"
                                                sling:resourceType="granite/ui/components/coral/foundation/form/textarea"
                                                fieldDescription="componentOne's content"
                                                fieldLabel="content"
                                                name="./content"
                                                required="{Boolean}true"/>
                                            <dropdown
                                                jcr:primaryType="nt:unstructured"
                                                sling:resourceType="granite/ui/components/coral/foundation/form/select"
                                                fieldDescription="dropdown for color"
                                                fieldLabel="Choose Color"
                                                name="./dropdown"
                                                required="{Boolean}true">
                                                <items jcr:primaryType="nt:unstructured">
                                                    <blue
                                                        jcr:primaryType="nt:unstructured"
                                                        text="blue"/>
                                                    <green
                                                        jcr:primaryType="nt:unstructured"
                                                        text="green"/>
                                                    <black
                                                        jcr:primaryType="nt:unstructured"
                                                        text="black"/>
                                                </items>
                                            </dropdown>
                                        </items>
                                    </column>
                                </items>
                            </columns>
                        </items>
                    </tab1>
                </items>
            </mytabs>
        </items>
    </content>
</jcr:root>
