<?xml version="1.0" encoding="UTF-8"?>
<jcr:root xmlns:sling="http://sling.apache.org/jcr/sling/1.0" xmlns:cq="http://www.day.com/jcr/cq/1.0" xmlns:jcr="http://www.jcp.org/jcr/1.0" xmlns:nt="http://www.jcp.org/jcr/nt/1.0"
    jcr:primaryType="nt:unstructured"
    sling:resourceType="cq/gui/components/authoring/dialog">
    <content
        jcr:primaryType="nt:unstructured"
        sling:resourceType="granite/ui/components/coral/foundation/container">
        <items jcr:primaryType="nt:unstructured">
            <mytabs
                jcr:primaryType="nt:unstructured"
                sling:resourceType="granite/ui/components/coral/foundation/tabs">
                <items jcr:primaryType="nt:unstructured">
                    <Contact_x0020_Us
                        jcr:primaryType="nt:unstructured"
                        jcr:title="tab 2"
                        sling:resourceType="granite/ui/components/coral/foundation/container">
                        <items jcr:primaryType="nt:unstructured">
                            <columns
                                jcr:primaryType="nt:unstructured"
                                sling:resourceType="granite/ui/components/coral/foundation/fixedcolumns">
                                <items jcr:primaryType="nt:unstructured">
                                    <column
                                        jcr:primaryType="nt:unstructured"
                                        sling:resourceType="granite/ui/components/coral/foundation/container">
                                        <items jcr:primaryType="nt:unstructured">
                                            <title
                                                jcr:primaryType="nt:unstructured"
                                                sling:resourceType="granite/ui/components/coral/foundation/form/textfield"
                                                fieldDescription="title"
                                                fieldLabel="Name"
                                                name="./title"
                                                required="{Boolean}true"/>
                                            <actionTitle
                                                jcr:primaryType="nt:unstructured"
                                                sling:resourceType="granite/ui/components/coral/foundation/form/textfield"
                                                fieldDescription="actionTitle"
                                                fieldLabel="actionTitle"
                                                name="./actionTitle"
                                                required="{Boolean}true"/>
                                            <action
                                                jcr:primaryType="nt:unstructured"
                                                sling:resourceType="granite/ui/components/coral/foundation/form/pathbrowser"
                                                fieldDescription="Action"
                                                fieldLabel="Action Field"
                                                name="./action"/>
                                            <color
                                                jcr:primaryType="nt:unstructured"
                                                sling:resourceType="granite/ui/components/coral/foundation/form/colorfield"
                                                fieldDescription="color"
                                                fieldLabel="background color"
                                                name="./color"
                                                required="{Boolean}true"/>
                                            <placeholderOne
                                                jcr:primaryType="nt:unstructured"
                                                sling:resourceType="granite/ui/components/coral/foundation/form/textfield"
                                                fieldDescription="placeholderOne"
                                                fieldLabel="placeholderOne"
                                                name="./placeholderOne"
                                                required="{Boolean}true"/>
                                            <placeholderTwo
                                                jcr:primaryType="nt:unstructured"
                                                sling:resourceType="granite/ui/components/coral/foundation/form/textfield"
                                                fieldDescription="placeholderTwo"
                                                fieldLabel="placeholderTwo"
                                                name="./placeholderTwo"
                                                required="{Boolean}true"/>
                                            <placeholderThree
                                                jcr:primaryType="nt:unstructured"
                                                sling:resourceType="granite/ui/components/coral/foundation/form/textfield"
                                                fieldDescription="placeholderThree"
                                                fieldLabel="placeholderThree"
                                                name="./placeholderThree"
                                                required="{Boolean}true"/>
                                        </items>
                                    </column>
                                </items>
                            </columns>
                        </items>
                    </Contact_x0020_Us>
                </items>
            </mytabs>
        </items>
    </content>
</jcr:root>
